target	measured	class
AXI4Deinterleaver	SUCCEEDED	SIGNOFF_PASS
AXI4IdIndexer	SUCCEEDED	SIGNOFF_PASS
AXI4IdIndexer_1	SUCCEEDED	SIGNOFF_PASS
AXI4Xbar	SUCCEEDED	SIGNOFF_PASS
AXI4Xbar_1	SUCCEEDED	SIGNOFF_PASS
Alu	SUCCEEDED	SIGNOFF_PASS
Arbiter1_InsUncacheResp	SUCCEEDED	SIGNOFF_PASS
Backend	PARTIAL	PROOF_GAP
BankedDataArray	PARTIAL	PROOF_GAP
Bku	PARTIAL	PROOF_GAP
BranchUnit	SUCCEEDED	SIGNOFF_PASS
BypassNetwork	PARTIAL	PROOF_GAP
CHILogger	SUCCEEDED	SIGNOFF_PASS
CLINT	SUCCEEDED	SIGNOFF_PASS
Composer	PARTIAL	PROOF_GAP
CompressUnit	PARTIAL	PROOF_GAP
CtrlBlock	?	INFRA_ERROR
DCache	PARTIAL	PROOF_GAP
DCacheWrapper	FAILED	PROOF_GAP
DataModule_BackendPC_16entry	SUCCEEDED	SIGNOFF_PASS
DataModule_FtqPC_16entry	SUCCEEDED	SIGNOFF_PASS
DataModule__16entry	SUCCEEDED	SIGNOFF_PASS
DataModule__16entry_12	SUCCEEDED	SIGNOFF_PASS
DataModule__16entry_16	SUCCEEDED	SIGNOFF_PASS
DataModule__16entry_4	SUCCEEDED	SIGNOFF_PASS
DataModule__16entry_8	SUCCEEDED	SIGNOFF_PASS
DataModule__64entry	SUCCEEDED	SIGNOFF_PASS
DataModule__64entry_16	SUCCEEDED	SIGNOFF_PASS
DataPath	PARTIAL	PROOF_GAP
DebugModule	PARTIAL	PROOF_GAP
DecodeStage	SUCCEEDED	SIGNOFF_PASS
DecodeUnit	SUCCEEDED	SIGNOFF_PASS
Decoupled2LCredit	SUCCEEDED	SIGNOFF_PASS
Decoupled2LCredit_1	SUCCEEDED	SIGNOFF_PASS
Decoupled2LCredit_2	SUCCEEDED	SIGNOFF_PASS
Decoupled2LCredit_5	SUCCEEDED	SIGNOFF_PASS
DelayReg	SUCCEEDED	SIGNOFF_PASS
Directory	PARTIAL	PROOF_GAP
DivUnit	PARTIAL	PROOF_GAP
DuplicatedTagArray	PARTIAL	PROOF_GAP
EntriesAluBrhJmpI2fVsetriwiVsetriwvfI2v	PARTIAL	PROOF_GAP
EntriesAluCsrFenceDiv	PARTIAL	PROOF_GAP
EntriesAluMulBkuBrhJmp	PARTIAL	PROOF_GAP
EntriesFaluFcvtF2vFmacFdiv	PARTIAL	PROOF_GAP
EntriesFaluFmac	PARTIAL	PROOF_GAP
EntriesFaluFmacFdiv	PARTIAL	PROOF_GAP
EntriesVfdivVidiv	SUCCEEDED	SIGNOFF_PASS
EntriesVfmaVialuFixVfalu	SUCCEEDED	SIGNOFF_PASS
EntriesVfmaVialuFixVimacVppuVfaluVfcvtVipuVsetrvfwvf	SUCCEEDED	SIGNOFF_PASS
EntriesVlduVstu	PARTIAL	PROOF_GAP
EntriesVlduVstuVseglduVsegstu	PARTIAL	PROOF_GAP
ExeUnit	PARTIAL	PROOF_GAP
ExeUnit_4	PARTIAL	PROOF_GAP
ExeUnit_8	PARTIAL	PROOF_GAP
ExuBlock	PARTIAL	PROOF_GAP
ExuBlock_1	PARTIAL	PROOF_GAP
F3Predecoder	SUCCEEDED	SIGNOFF_PASS
FAlu	PARTIAL	PROOF_GAP
FCVT	PARTIAL	PROOF_GAP
FDivSqrt	PARTIAL	PROOF_GAP
FMA	SUCCEEDED	SIGNOFF_PASS
FPDecoder	SUCCEEDED	SIGNOFF_PASS
FTB	PARTIAL	PROOF_GAP
FTBBank	PARTIAL	PROOF_GAP
FTBEntryGen	PARTIAL	PROOF_GAP
FastArbiter_27	PARTIAL	PROOF_GAP
FastArbiter_30	SUCCEEDED	SIGNOFF_PASS
FastArbiter_31	SUCCEEDED	SIGNOFF_PASS
FastArbiter_36	SUCCEEDED	SIGNOFF_PASS
FastArbiter_44	PARTIAL	PROOF_GAP
FastArbiter_46	PARTIAL	PROOF_GAP
FastArbiter_47	PARTIAL	PROOF_GAP
FauFTB	PARTIAL	PROOF_GAP
FauFTBWay	SUCCEEDED	SIGNOFF_PASS
Fence	PARTIAL	PROOF_GAP
FoldedSRAMTemplate	PARTIAL	PROOF_GAP
FoldedSRAMTemplate_1	PARTIAL	PROOF_GAP
FoldedSRAMTemplate_20	PARTIAL	PROOF_GAP
FoldedSRAMTemplate_21	PARTIAL	PROOF_GAP
FoldedSRAMTemplate_23	PARTIAL	PROOF_GAP
FpRegFilePart0	SUCCEEDED	SIGNOFF_PASS
FreeList	SUCCEEDED	SIGNOFF_PASS
Frontend	FAILED	PROOF_GAP
Ftq	PARTIAL	PROOF_GAP
FtqPcMemWrapper	SUCCEEDED	SIGNOFF_PASS
GrantBuffer	PARTIAL	PROOF_GAP
HPTW	SUCCEEDED	SIGNOFF_PASS
IBuffer	PARTIAL	PROOF_GAP
ICache	PARTIAL	PROOF_GAP
ICacheCtrlUnit	PARTIAL	PROOF_GAP
ICacheDataArray	PARTIAL	PROOF_GAP
ICacheMainPipe	PARTIAL	PROOF_GAP
ICacheMetaArray	PARTIAL	PROOF_GAP
ICacheMissUnit	PARTIAL	PROOF_GAP
ICacheReplacer	PARTIAL	PROOF_GAP
IMSIC	PARTIAL	PROOF_GAP
IMSICGateWay	PARTIAL	PROOF_GAP
IPrefetchPipe	PARTIAL	PROOF_GAP
ITTage	PARTIAL	PROOF_GAP
ITTageTable	PARTIAL	PROOF_GAP
ITTageTable_1	PARTIAL	PROOF_GAP
ITTageTable_2	PARTIAL	PROOF_GAP
ITTageTable_3	PARTIAL	PROOF_GAP
ITTageTable_4	PARTIAL	PROOF_GAP
ImmExtractor	SUCCEEDED	SIGNOFF_PASS
ImmExtractor_12	SUCCEEDED	SIGNOFF_PASS
InstrMMIOEntry	PARTIAL	PROOF_GAP
InstrUncache	PARTIAL	PROOF_GAP
IntRegFilePart0	PARTIAL	PROOF_GAP
IssueQueueAluBrhJmpI2fVsetriwiVsetriwvfI2v	PARTIAL	PROOF_GAP
IssueQueueAluCsrFenceDiv	PARTIAL	PROOF_GAP
IssueQueueAluMulBkuBrhJmp	PARTIAL	PROOF_GAP
IssueQueueLdu	PARTIAL	PROOF_GAP
IssueQueueStaMou	PARTIAL	PROOF_GAP
IssueQueueStdMoud	PARTIAL	PROOF_GAP
JumpUnit	SUCCEEDED	SIGNOFF_PASS
L1CohMetaArray	SUCCEEDED	SIGNOFF_PASS
L1FlagMetaArray	SUCCEEDED	SIGNOFF_PASS
L1FlagMetaArray_1	PARTIAL	PROOF_GAP
L2DataStorage	PARTIAL	PROOF_GAP
L2Directory	SUCCEEDED	SIGNOFF_PASS
L2Slice	SUCCEEDED	SIGNOFF_PASS
L2TLB	PARTIAL	PROOF_GAP
L2TLBWrapper	FAILED	PROOF_GAP
L2TlbMissQueue	?	INFRA_ERROR
L2TlbPrefetch	PARTIAL	PROOF_GAP
L2Top	FAILED	PROOF_GAP
LCredit2Decoupled	SUCCEEDED	SIGNOFF_PASS
LCredit2Decoupled_1	SUCCEEDED	SIGNOFF_PASS
LCredit2Decoupled_10	SUCCEEDED	SIGNOFF_PASS
LCredit2Decoupled_8	SUCCEEDED	SIGNOFF_PASS
LLPTW	PARTIAL	PROOF_GAP
LevelGateway	SUCCEEDED	SIGNOFF_PASS
LinkMonitor	PARTIAL	PROOF_GAP
LoadMisalignBuffer	PARTIAL	PROOF_GAP
LoadPipe	PARTIAL	PROOF_GAP
LoadQueue	PARTIAL	PROOF_GAP
LoadQueueRAR	?	INFRA_ERROR
LoadQueueRAW	FAILED	PROOF_GAP
LoadQueueReplay	PARTIAL	PROOF_GAP
LoadQueueUncache	FAILED	PROOF_GAP
LoadUnit	PARTIAL	PROOF_GAP
LqExceptionBuffer	PARTIAL	PROOF_GAP
LsqWrapper	PARTIAL	PROOF_GAP
MEFreeList	SUCCEEDED	SIGNOFF_PASS
MSHR	PARTIAL	PROOF_GAP
MSHRCtl	PARTIAL	PROOF_GAP
MSHRSelector	SUCCEEDED	SIGNOFF_PASS
MainPipe	PARTIAL	PROOF_GAP
MainPipe_1	PARTIAL	PROOF_GAP
MemBlock	FAILED	PROOF_GAP
MissQueue	PARTIAL	PROOF_GAP
MulUnit	PARTIAL	PROOF_GAP
NewCSR	PARTIAL	PROOF_GAP
NewDispatch	PARTIAL	PROOF_GAP
NewIFU	PARTIAL	PROOF_GAP
NewPipelineConnectPipe	SUCCEEDED	SIGNOFF_PASS
NewPipelineConnectPipe_1	SUCCEEDED	SIGNOFF_PASS
NewPipelineConnectPipe_10	SUCCEEDED	SIGNOFF_PASS
NewPipelineConnectPipe_13	SUCCEEDED	SIGNOFF_PASS
NewPipelineConnectPipe_14	SUCCEEDED	SIGNOFF_PASS
NewPipelineConnectPipe_16	SUCCEEDED	SIGNOFF_PASS
NewPipelineConnectPipe_18	SUCCEEDED	SIGNOFF_PASS
NewPipelineConnectPipe_20	SUCCEEDED	SIGNOFF_PASS
NewPipelineConnectPipe_23	SUCCEEDED	SIGNOFF_PASS
NewPipelineConnectPipe_25	SUCCEEDED	SIGNOFF_PASS
NewPipelineConnectPipe_27	SUCCEEDED	SIGNOFF_PASS
NewPipelineConnectPipe_31	SUCCEEDED	SIGNOFF_PASS
NewPipelineConnectPipe_32	SUCCEEDED	SIGNOFF_PASS
NewPipelineConnectPipe_33	SUCCEEDED	SIGNOFF_PASS
NewPipelineConnectPipe_5	SUCCEEDED	SIGNOFF_PASS
NewPipelineConnectPipe_7	SUCCEEDED	SIGNOFF_PASS
NewPipelineConnectPipe_8	SUCCEEDED	SIGNOFF_PASS
NewPipelineConnectPipe_9	SUCCEEDED	SIGNOFF_PASS
OpenLLC	PARTIAL	PROOF_GAP
PLICFanIn	SUCCEEDED	SIGNOFF_PASS
PMP	PARTIAL	PROOF_GAP
PMPChecker	SUCCEEDED	SIGNOFF_PASS
PMPChecker_10	PARTIAL	PROOF_GAP
PTW	PARTIAL	PROOF_GAP
Pipeline	PARTIAL	PROOF_GAP
PreDecode	SUCCEEDED	SIGNOFF_PASS
Predictor	SHADOW_CHECK	SHADOW_CHECK
ProbeQueue	SUCCEEDED	SIGNOFF_PASS
PtwCache	PARTIAL	PROOF_GAP
Queue1_RegMapperInput_3	SUCCEEDED	SIGNOFF_PASS
RASStack	PARTIAL	PROOF_GAP
RNXbar	PARTIAL	PROOF_GAP
RVCExpander	SUCCEEDED	SIGNOFF_PASS
RXDAT	SUCCEEDED	SIGNOFF_PASS
RXDAT_4	SUCCEEDED	SIGNOFF_PASS
RXREQ	SUCCEEDED	SIGNOFF_PASS
RXRSP	SUCCEEDED	SIGNOFF_PASS
RXRSP_4	SUCCEEDED	SIGNOFF_PASS
RegCache	PARTIAL	PROOF_GAP
Rename	FAILED	PROOF_GAP
RenameBuffer	PARTIAL	PROOF_GAP
RenameTable	SUCCEEDED	SIGNOFF_PASS
RequestArb	SUCCEEDED	SIGNOFF_PASS
Rob	UNCONFIGURED	UNCONFIGURED
SCTable	PARTIAL	PROOF_GAP
SCTable_1	PARTIAL	PROOF_GAP
SCTable_2	PARTIAL	PROOF_GAP
SCTable_3	PARTIAL	PROOF_GAP
SNXbar	PARTIAL	PROOF_GAP
SRAMTemplate	PARTIAL	PROOF_GAP
SRAMTemplate_16	PARTIAL	PROOF_GAP
SRAMTemplate_2	PARTIAL	PROOF_GAP
SRAMTemplate_32	PARTIAL	PROOF_GAP
SRAMTemplate_36	PARTIAL	PROOF_GAP
SRAMTemplate_4	PARTIAL	PROOF_GAP
SRAMTemplate_44	PARTIAL	PROOF_GAP
SRAMTemplate_45	PARTIAL	PROOF_GAP
SRAMTemplate_64	PARTIAL	PROOF_GAP
SRAMTemplate_66	PARTIAL	PROOF_GAP
SRAMTemplate_70	PARTIAL	PROOF_GAP
SRAMTemplate_72	PARTIAL	PROOF_GAP
SRAMTemplate_8	PARTIAL	PROOF_GAP
Sbuffer	PARTIAL	PROOF_GAP
Scheduler	PARTIAL	PROOF_GAP
Scheduler_1	PARTIAL	PROOF_GAP
Scheduler_2	PARTIAL	PROOF_GAP
Scheduler_3	PARTIAL	PROOF_GAP
SinkA	SUCCEEDED	SIGNOFF_PASS
SinkC	PARTIAL	PROOF_GAP
Slice	PARTIAL	PROOF_GAP
SourceB	PARTIAL	PROOF_GAP
SplittedSRAMTemplate	PARTIAL	PROOF_GAP
SplittedSRAMTemplate_1	PARTIAL	PROOF_GAP
SplittedSRAMTemplate_2	PARTIAL	PROOF_GAP
SplittedSRAMTemplate_23	PARTIAL	PROOF_GAP
SplittedSRAMTemplate_24	PARTIAL	PROOF_GAP
SplittedSRAMTemplate_26	PARTIAL	PROOF_GAP
SplittedSRAMTemplate_3	PARTIAL	PROOF_GAP
SplittedSRAMTemplate_4	PARTIAL	PROOF_GAP
StdFreeList	SUCCEEDED	SIGNOFF_PASS
StoreExceptionBuffer	PARTIAL	PROOF_GAP
StoreMisalignBuffer	PARTIAL	PROOF_GAP
StorePfWrapper	PARTIAL	PROOF_GAP
StorePipe	?	INFRA_ERROR
StoreQueue	FAILED	PROOF_GAP
StoreUnit	PARTIAL	PROOF_GAP
SubDirectory	PARTIAL	PROOF_GAP
SubDirectory_1	PARTIAL	PROOF_GAP
SyncDataModuleTemplate_BackendPC_64entry	SUCCEEDED	SIGNOFF_PASS
SyncDataModuleTemplate_FtqPC_64entry	SUCCEEDED	SIGNOFF_PASS
SyncDataModuleTemplate__1024entry	SUCCEEDED	SIGNOFF_PASS
SyncDataModuleTemplate__1024entry_1	PARTIAL	PROOF_GAP
SyncDataModuleTemplate__64entry	SUCCEEDED	SIGNOFF_PASS
SyncDataModuleTemplate__64entry_1	SUCCEEDED	SIGNOFF_PASS
SyncDataModuleTemplate__64entry_2	SUCCEEDED	SIGNOFF_PASS
SyncDataModuleTemplate__64entry_3	SUCCEEDED	SIGNOFF_PASS
SyncDataModuleTemplate__64entry_4	SUCCEEDED	SIGNOFF_PASS
TL2CHICoupledL2	PARTIAL	PROOF_GAP
TLBFA	PARTIAL	PROOF_GAP
TLBFA_1	PARTIAL	PROOF_GAP
TLBNonBlock	PARTIAL	PROOF_GAP
TLBuffer	PARTIAL	PROOF_GAP
TLBuffer_13	PARTIAL	PROOF_GAP
TLBuffer_15	PARTIAL	PROOF_GAP
TLBuffer_2	PARTIAL	PROOF_GAP
TLBuffer_20	PARTIAL	PROOF_GAP
TLBuffer_22	PARTIAL	PROOF_GAP
TLBuffer_6	PARTIAL	PROOF_GAP
TLBuffer_7	PARTIAL	PROOF_GAP
TLBuffer_8	PARTIAL	PROOF_GAP
TLBuffer_9	PARTIAL	PROOF_GAP
TLLogger	SUCCEEDED	SIGNOFF_PASS
TLPLIC	PARTIAL	PROOF_GAP
TLXbar_1	PARTIAL	PROOF_GAP
TLXbar_2	SUCCEEDED	SIGNOFF_PASS
TLXbar_3	SUCCEEDED	SIGNOFF_PASS
TLXbar_4	SUCCEEDED	SIGNOFF_PASS
TLXbar_6	PARTIAL	PROOF_GAP
TXDAT	PARTIAL	PROOF_GAP
TXDAT_4	PARTIAL	PROOF_GAP
TXREQ	PARTIAL	PROOF_GAP
TXREQ_4	SUCCEEDED	SIGNOFF_PASS
TXRSP	SUCCEEDED	SIGNOFF_PASS
TXRSP_4	SUCCEEDED	SIGNOFF_PASS
TXSNP	SUCCEEDED	SIGNOFF_PASS
TageBTable	PARTIAL	PROOF_GAP
TageTable	PARTIAL	PROOF_GAP
TageTable_1	PARTIAL	PROOF_GAP
TageTable_2	PARTIAL	PROOF_GAP
TageTable_3	PARTIAL	PROOF_GAP
Tage_SC	PARTIAL	PROOF_GAP
TlbStorageWrapper	PARTIAL	PROOF_GAP
TlbStorageWrapper_1	PARTIAL	PROOF_GAP
Uncache	PARTIAL	PROOF_GAP
UopInfoGen	SUCCEEDED	SIGNOFF_PASS
VSetRiWi	SUCCEEDED	SIGNOFF_PASS
VSetRvfWvf	SUCCEEDED	SIGNOFF_PASS
VirtualLoadQueue	FAILED	PROOF_GAP
WayLookup	SUCCEEDED	SIGNOFF_PASS
WbDataPath	PARTIAL	PROOF_GAP
WbFuBusyTable	SUCCEEDED	SIGNOFF_PASS
WrBypass	SUCCEEDED	SIGNOFF_PASS
WrBypass_32	SUCCEEDED	SIGNOFF_PASS
WrBypass_33	SUCCEEDED	SIGNOFF_PASS
WrBypass_41	PARTIAL	PROOF_GAP
WrBypass_43	PARTIAL	PROOF_GAP
WritebackQueue	PARTIAL	PROOF_GAP
XSCore	PARTIAL	PROOF_GAP
XSTile	FAILED	PROOF_GAP
XSTop	FAILED	PROOF_GAP
